,mean,std,min,max
EnhancedGCN,12758.9,307.4867314210485,12205,13306
Degree,12431.0,248.8051446413438,11919,12696
Betweenness,12487.0,278.36127604248406,12132,12922
KShell,12390.5,308.44229606200247,11819,12745
Closeness,12638.5,353.11846454129244,12138,13425
HIndex,12398.6,251.4001591089393,11910,12830
